1,2023-03-05,1,1,1,1
2,2023-03-10,2,2,2,2
3,2023-03-15,3,3,3,3
4,2023-03-20,4,4,4,4
5,2023-03-25,5,5,5,5
6,2023-03-30,6,6,6,6
7,2023-04-05,7,7,7,7
8,2023-04-10,8,8,8,8
9,2023-04-15,9,9,9,9
10,2023-04-20,10,10,10,10
11,2023-04-25,11,11,11,11
12,2023-05-05,12,12,12,12
13,2023-05-10,13,13,13,13
14,2023-05-15,14,14,14,14
15,2023-05-20,15,15,15,15
16,2023-06-05,1,16,1,1
17,2023-06-10,2,17,2,2
18,2023-06-15,3,18,3,3
19,2023-06-20,4,19,4,4
20,2023-06-25,5,20,5,5
21,2023-07-05,6,21,6,6
22,2023-07-10,7,22,7,7
23,2023-07-15,8,23,8,8
24,2023-07-20,9,24,9,9
25,2023-07-25,10,25,10,10
26,2023-08-05,11,26,11,11
27,2023-08-10,12,27,12,12
28,2023-08-15,13,28,13,13
29,2023-08-20,14,29,14,14
30,2023-08-25,15,30,15,15
